<?xml version="1.0" encoding="UTF-8"?>
<beans xmlns="http://www.springframework.org/schema/beans"
       xmlns:xsi="http://www.w3.org/2001/XMLSchema-instance"
       xsi:schemaLocation="http://www.springframework.org/schema/beans
        https://www.springframework.org/schema/beans/spring-beans.xsd">

    <!--
     Define "beans" here.
     A bean definition registers an instance of a data type with the DI container.
     -->
    <bean id="guestRepository" class="learn.mastery.data.GuestFileRepository">
        <!-- File path to the data file.  Variable? -->
        <constructor-arg value="./data/guests.csv"/>
    </bean>

    <bean id="hostRepository" class="learn.mastery.data.HostFileRepository">
        <!-- File path to the data file.  Variable? -->
        <constructor-arg value="./data/hosts.csv"/>
    </bean>

    <!-- does this work without a specific csv? same question as in last project -->
    <bean id="reservationRepository" class="learn.mastery.data.ReservationFileRepository">
        <!-- File path to the data file.  Variable? -->
        <constructor-arg value="./data/reservations"/>
    </bean>

    <bean id="guestService" class="learn.mastery.domain.GuestService">
        <!-- File path to the data file.  Variable? -->
        <constructor-arg>
            <ref bean="guestRepository"/>
        </constructor-arg>
    </bean>

    <bean id="hostService" class="learn.mastery.domain.HostService">
        <!-- File path to the data file.  Variable? -->
        <constructor-arg>
            <ref bean="hostRepository"/>
        </constructor-arg>
    </bean>

    <bean id="reservationService" class="learn.mastery.domain.ReservationService">
        <!-- File path to the data file.  Variable? -->
        <constructor-arg ref="guestRepository"/>
        <constructor-arg ref="hostRepository"/>
        <constructor-arg ref="reservationRepository"/>

    </bean>

    <bean id="view" class="learn.mastery.ui.View"/>

    <bean id="controller" class="learn.mastery.ui.Controller">
        <constructor-arg ref="guestService"/>
        <constructor-arg ref="hostService"/>
        <constructor-arg ref="reservationService"/>
        <constructor-arg ref="view"/>
    </bean>

</beans>